run_id,agnews,sst2,wordcontent,pos,lam_min,eff_rank,w_frob,minutes
BASE_randominit,0.6039473684210527,0.5974770642201835,0.9944,0.6938,5.1444054901511e-11,49.81781370925855,7.999496936798096,0.00479501485824585
P1_A_seed0,0.6142105263157894,0.625,0.9754,0.6912,5.675555615195106e-09,69.1127733229047,7.994179725646973,8.31052037080129
P1_A_seed1,0.5969736842105263,0.6330275229357798,0.979,0.6882,2.884384864399952e-10,73.217423168707,7.9563679695129395,8.26755922238032
P1_A_seed10,0.6132894736842105,0.6272935779816514,0.9768,0.6786,1.0222275742261704e-10,69.60010842060811,7.970531463623047,8.490224091211955
P1_A_seed11,0.6322368421052632,0.6307339449541285,0.9792,0.6872,5.5562370396101745e-09,72.90174141425015,8.012367248535156,8.486641923586527
P1_A_seed12,0.6077631578947369,0.6353211009174312,0.9772,0.685,1.4949055777741243e-08,70.59033786411949,7.979186534881592,8.526043792565664
P1_A_seed13,0.6065789473684211,0.6318807339449541,0.9796,0.6912,4.418337544142928e-09,68.20449098766414,7.991652011871338,8.48897627989451
P1_A_seed14,0.6243421052631579,0.6376146788990825,0.9762,0.68,1.56499944428823e-09,70.53093829937387,7.974273681640625,8.45651304324468
P1_A_seed2,0.6146052631578948,0.6169724770642202,0.9788,0.6792,4.139836963954361e-10,73.35990908784012,7.963832378387451,8.268342081705729
P1_A_seed3,0.6089473684210527,0.6444954128440367,0.9772,0.6904,1.8509466098446723e-09,68.61003545876048,7.97672700881958,8.31429195801417
P1_A_seed4,0.6119736842105263,0.6272935779816514,0.9766,0.6896,4.88319850079617e-10,70.67338624565402,7.956575393676758,8.313295177618663
P1_A_seed5,0.6193421052631579,0.6284403669724771,0.9814,0.6894,1.557929735544562e-12,72.81970290214569,7.9694647789001465,8.437323355674744
P1_A_seed6,0.6171052631578947,0.6009174311926605,0.9796,0.687,1.1399463934135385e-09,68.1717461070934,8.031551361083984,8.44722213347753
P1_A_seed7,0.6106578947368421,0.6376146788990825,0.982,0.6926,5.961821159834954e-09,74.52052780747955,7.988379001617432,8.553127177556355
P1_A_seed8,0.6180263157894736,0.5963302752293578,0.9738,0.686,4.988347915410502e-10,73.48746436014605,7.993105411529541,8.493057199319203
P1_A_seed9,0.6223684210526316,0.6089449541284404,0.9778,0.6896,8.480797380241087e-10,70.39099897552852,7.980744361877441,8.485102053483327
P1_Aeq_seed0,0.640921052631579,0.6215596330275229,0.9892,0.6932,3.94245961818719e-08,82.8635435608724,7.846517086029053,16.580425691604614
P1_Aeq_seed1,0.6244736842105263,0.6272935779816514,0.9774,0.6824,4.059415334826129e-09,86.24016670275812,7.806451797485352,16.581949388980867
P1_Aeq_seed10,0.6322368421052632,0.6307339449541285,0.9938,0.6828,5.090165772630711e-09,80.28618802601743,7.818887233734131,16.607311431566874
P1_Aeq_seed11,0.6496052631578947,0.6444954128440367,0.9764,0.6858,4.785796813843017e-08,81.7963212748795,7.8772406578063965,16.580811127026877
P1_Aeq_seed12,0.6314473684210526,0.643348623853211,0.9798,0.6818,3.5143394698690954e-10,79.5580381650341,7.839460372924805,16.59520621697108
P1_Aeq_seed13,0.6402631578947369,0.643348623853211,0.9828,0.6922,5.2202891267723524e-09,83.64403443973389,7.859268665313721,16.588963969548544
P1_Aeq_seed14,0.6473684210526316,0.6353211009174312,0.9748,0.6838,3.1929977782189673e-09,81.53393485949464,7.8347554206848145,16.59668577114741
P1_Aeq_seed2,0.6414473684210527,0.6525229357798165,0.9802,0.6768,1.5363947831713078e-09,83.46739930025146,7.818030834197998,16.58184142510096
P1_Aeq_seed3,0.6296052631578948,0.643348623853211,0.9916,0.69,2.2441206582574575e-09,81.46395923318812,7.829583644866943,16.59094338019689
P1_Aeq_seed4,0.6328947368421053,0.6387614678899083,0.9934,0.6812,1.6261316369982017e-08,81.46611511287787,7.8144731521606445,16.64523358742396
P1_Aeq_seed5,0.6381578947368421,0.6376146788990825,0.9828,0.681,3.5116237952469994e-09,87.46257002839774,7.820768356323242,16.60963890949885
P1_Aeq_seed6,0.6447368421052632,0.5986238532110092,0.994,0.6914,4.212986503188498e-09,79.53391016911262,7.898762226104736,16.611447127660117
P1_Aeq_seed7,0.6347368421052632,0.6055045871559633,0.9806,0.6916,6.172481093347414e-09,81.71131311187906,7.845917224884033,16.601116526126862
P1_Aeq_seed8,0.6305263157894737,0.5905963302752294,0.9928,0.6812,1.748946621529967e-09,81.60491665900548,7.847416400909424,16.603866493701936
P1_Aeq_seed9,0.6490789473684211,0.6009174311926605,0.9656,0.6858,1.661903392916814e-09,81.67244945072072,7.8381028175354,16.59541715780894
P1_B_seed0,0.6281578947368421,0.6215596330275229,0.9764,0.696,1.9685301505110612e-09,70.04676482978272,7.951416492462158,8.188150588671366
P1_B_seed1,0.618421052631579,0.6261467889908257,0.977,0.6888,2.0382418902821874e-09,69.47896011445083,7.907501697540283,8.264499938488006
P1_B_seed10,0.6271052631578947,0.6192660550458715,0.9812,0.6812,3.0719057580994484e-08,70.40729674168755,7.913354873657227,8.46254708369573
P1_B_seed11,0.6485526315789474,0.6158256880733946,0.9838,0.6896,2.8780243360508125e-09,72.44863211033216,7.959035873413086,8.435167105992635
P1_B_seed12,0.6261842105263158,0.6341743119266054,0.983,0.6884,5.287427804347484e-08,70.11610618369157,7.928451061248779,8.39225376844406
P1_B_seed13,0.6327631578947368,0.6387614678899083,0.9784,0.6892,1.6872870275650854e-09,72.89708069925561,7.945201873779297,8.390874938170116
P1_B_seed14,0.6406578947368421,0.6467889908256881,0.9782,0.6784,8.62511541852755e-09,71.60122831871087,7.93279504776001,8.440445212523143
P1_B_seed2,0.6310526315789474,0.6146788990825688,0.9806,0.6816,3.746364231461117e-09,71.76299218019253,7.912450790405273,8.310037465890248
P1_B_seed3,0.621578947368421,0.6456422018348624,0.9842,0.6888,1.764788426319136e-08,72.95480018052368,7.930973529815674,8.301197095712025
P1_B_seed4,0.6242105263157894,0.6330275229357798,0.981,0.6816,2.242786019034431e-10,70.42991473709692,7.911238193511963,8.29670729637146
P1_B_seed5,0.6311842105263158,0.6376146788990825,0.9836,0.6886,6.729455072711528e-09,70.94360475960666,7.919413089752197,8.520942072073618
P1_B_seed6,0.6351315789473684,0.5951834862385321,0.9816,0.6876,1.992775760308586e-08,70.2779321708492,7.980545997619629,8.506315290927887
P1_B_seed7,0.6243421052631579,0.6410550458715596,0.981,0.6976,2.7584409644458588e-09,72.88676439440393,7.937398433685303,8.441269127527873
P1_B_seed8,0.6364473684210527,0.5963302752293578,0.9786,0.6862,1.5302730480825967e-08,74.54386485397036,7.9453229904174805,8.496855155626934
P1_B_seed9,0.6460526315789473,0.6077981651376146,0.9804,0.6898,4.353699636776506e-09,71.09229581429535,7.93330192565918,8.429682811101278
P1_D_seed0,0.6339473684210526,0.6146788990825688,0.9804,0.698,8.838233590965862e-09,71.17009403169908,7.954236030578613,8.281344330310821
P1_D_seed1,0.6205263157894737,0.6284403669724771,0.9792,0.6866,6.747729385019401e-10,69.05620730445118,7.905088424682617,8.307026398181915
P1_D_seed10,0.6294736842105263,0.6284403669724771,0.981,0.6802,2.893234348782658e-08,70.1749036976798,7.9149699211120605,8.405798919995625
P1_D_seed11,0.6471052631578947,0.6089449541284404,0.9826,0.6914,8.306879424395013e-09,74.13610281073731,7.959628105163574,8.330535403887431
P1_D_seed12,0.6297368421052632,0.6341743119266054,0.9842,0.6914,1.9661842014995623e-09,71.97849134159488,7.93190336227417,8.331548988819122
P1_D_seed13,0.6313157894736842,0.6410550458715596,0.9794,0.69,5.593463052229323e-09,72.60168820335053,7.944279670715332,8.330699694156646
P1_D_seed14,0.6407894736842106,0.6364678899082569,0.978,0.68,2.8005607929456403e-08,72.1271164534222,7.934273719787598,8.32716794013977
P1_D_seed2,0.6344736842105263,0.6227064220183486,0.9804,0.683,3.207137627927024e-09,72.45522236644689,7.914970397949219,8.320946085453034
P1_D_seed3,0.6219736842105263,0.6387614678899083,0.9804,0.6878,4.261175253828488e-10,73.26041637461871,7.933744430541992,8.294521407286327
P1_D_seed4,0.6222368421052632,0.6318807339449541,0.9826,0.6844,4.744225865210743e-09,71.97115682378839,7.9140095710754395,8.288616732756298
P1_D_seed5,0.6280263157894737,0.6410550458715596,0.9842,0.6866,3.5420302437592905e-09,71.26711419788273,7.921014308929443,8.375262983640035
P1_D_seed6,0.6359210526315789,0.5905963302752294,0.9826,0.6906,2.0930237297550874e-08,69.97327137362028,7.9820556640625,8.342260205745697
P1_D_seed7,0.6255263157894737,0.6330275229357798,0.9828,0.6946,8.271977747027834e-10,72.89523434175211,7.939614772796631,8.337105476856232
P1_D_seed8,0.6360526315789473,0.6055045871559633,0.9794,0.6842,3.978973662458856e-09,76.55299057263584,7.945783615112305,8.339507162570953
P1_D_seed9,0.6506578947368421,0.6009174311926605,0.9828,0.689,1.3233419578959692e-08,73.36205180134529,7.937966823577881,8.34418363571167
P1b_l16_seed0,0.6273684210526316,0.6158256880733946,0.981,0.7006,5.666411034824343e-09,68.49002123780554,7.954870223999023,8.435142354170482
P1b_l16_seed1,0.6148684210526316,0.6376146788990825,0.98,0.6888,1.10037303575475e-08,70.74442939982207,7.909875392913818,8.294418823719024
P1b_l16_seed10,0.6289473684210526,0.6295871559633027,0.982,0.6828,1.1438648544378779e-09,71.45624735199705,7.92165470123291,8.392283288637797
P1b_l16_seed11,0.6475,0.625,0.9824,0.6898,8.091289670138155e-09,73.65358348367623,7.958162307739258,8.395660817623138
P1b_l16_seed12,0.6360526315789473,0.6353211009174312,0.9856,0.6894,2.2918969993964575e-08,71.50474504114602,7.932967185974121,8.408691847324372
P1b_l16_seed13,0.6318421052631579,0.6341743119266054,0.979,0.6874,8.767474089177075e-09,71.92477900193374,7.942385673522949,8.429132986068726
P1b_l16_seed14,0.6392105263157895,0.6353211009174312,0.9802,0.6798,3.797360693261283e-09,71.95053676069696,7.935153961181641,8.412604848543802
P1b_l16_seed2,0.6317105263157895,0.6100917431192661,0.982,0.6802,1.037453773323007e-09,73.2052585662614,7.913008213043213,8.259657541910807
P1b_l16_seed3,0.6232894736842105,0.6422018348623854,0.9846,0.6902,6.30664912965418e-09,72.29996701671955,7.93716287612915,8.24865373770396
P1b_l16_seed4,0.6205263157894737,0.6238532110091743,0.9822,0.6842,5.190324408962541e-09,74.14978938590595,7.914636611938477,8.256430423259735
P1b_l16_seed5,0.6313157894736842,0.6490825688073395,0.9844,0.6904,1.7302388741090699e-09,72.32534423378817,7.925637722015381,8.38651128212611
P1b_l16_seed6,0.6342105263157894,0.5951834862385321,0.985,0.687,1.4354303086822685e-08,72.72315099042858,7.9843597412109375,8.382150888442993
P1b_l16_seed7,0.6230263157894737,0.6387614678899083,0.982,0.6964,6.536758384809119e-10,71.4398480857127,7.9406023025512695,8.390271226565043
P1b_l16_seed8,0.6417105263157895,0.5974770642201835,0.9792,0.6832,3.6210402327085514e-09,75.88773765337879,7.9474196434021,8.391579075654347
P1b_l16_seed9,0.6484210526315789,0.6192660550458715,0.9826,0.6864,1.2736898679283315e-09,71.39628552329437,7.943171977996826,8.386911106109618
P1b_l1_seed0,0.6251315789473684,0.6089449541284404,0.98,0.7026,5.422542310493028e-10,68.87967712889176,7.935278415679932,8.3630490899086
P1b_l1_seed1,0.6092105263157894,0.6353211009174312,0.9938,0.689,2.1106167428802055e-09,69.08380187652071,7.889538288116455,8.524303237597147
P1b_l1_seed10,0.6118421052631579,0.6341743119266054,0.9792,0.6928,2.452023099963436e-09,66.23781048033585,7.9050469398498535,8.417607434590657
P1b_l1_seed11,0.6417105263157895,0.5997706422018348,0.98,0.6938,1.5415348811290292e-10,69.6030624066807,7.94933557510376,8.433531371752421
P1b_l1_seed12,0.6231578947368421,0.6376146788990825,0.9918,0.6932,9.744217349185618e-10,67.0818226010126,7.91574239730835,8.431780020395914
P1b_l1_seed13,0.6244736842105263,0.6238532110091743,0.9786,0.6926,2.964911101892232e-10,73.16530120376088,7.926157474517822,8.440656741460165
P1b_l1_seed14,0.6332894736842105,0.6181192660550459,0.9784,0.6928,3.255492744077183e-08,69.03929779548089,7.91593599319458,8.440848803520202
P1b_l1_seed2,0.6248684210526316,0.6158256880733946,0.9944,0.6872,2.2958369017963194e-08,68.72609187506438,7.892398357391357,8.520540801684062
P1b_l1_seed3,0.6235526315789474,0.643348623853211,0.9914,0.6994,1.3020977953066115e-09,71.44184395390582,7.914579391479492,8.524295473098755
P1b_l1_seed4,0.6190789473684211,0.6376146788990825,0.9824,0.6874,6.842197242708102e-09,69.02837039163508,7.892446994781494,8.531226738293965
P1b_l1_seed5,0.6280263157894737,0.6330275229357798,0.993,0.687,2.383568549019857e-08,67.71396724302592,7.900850296020508,8.377097042401632
P1b_l1_seed6,0.6303947368421052,0.6009174311926605,0.9822,0.6912,1.4404573782371577e-09,69.24417197459212,7.957687854766846,8.388384997844696
P1b_l1_seed7,0.6144736842105263,0.6364678899082569,0.9934,0.6996,3.8666684952661215e-08,70.47936517022025,7.917893886566162,8.384250350793202
P1b_l1_seed8,0.6218421052631579,0.6123853211009175,0.9918,0.6866,1.9932374349967663e-08,70.78751430539495,7.921628952026367,8.401801331837971
P1b_l1_seed9,0.6369736842105264,0.6032110091743119,0.9846,0.6878,2.7100065804866302e-08,69.89959813181353,7.912322044372559,8.411754643917083
P1b_l2_seed0,0.623421052631579,0.6100917431192661,0.9778,0.6982,1.4578477168639649e-08,69.39094567616182,7.947667598724365,8.474025114377339
P1b_l2_seed1,0.6144736842105263,0.6238532110091743,0.9782,0.6874,3.875842448089531e-09,67.14458521086411,7.903383255004883,8.48668915828069
P1b_l2_seed10,0.6240789473684211,0.6181192660550459,0.9794,0.685,3.247196888126807e-10,68.72282466345175,7.911340713500977,8.438643920421601
P1b_l2_seed11,0.6440789473684211,0.6204128440366973,0.9836,0.691,3.1592430286870278e-09,71.66914746205228,7.957265377044678,8.42882600625356
P1b_l2_seed12,0.6240789473684211,0.6227064220183486,0.9816,0.6882,1.2135221408626185e-08,68.40437269262884,7.929866313934326,8.395926229159038
P1b_l2_seed13,0.63,0.6341743119266054,0.9782,0.6932,2.7250088461069377e-09,72.00767063366649,7.940189838409424,8.416986664136251
P1b_l2_seed14,0.6405263157894737,0.6376146788990825,0.9766,0.685,7.500849366393684e-10,71.08832391842226,7.928449630737305,8.417226767539978
P1b_l2_seed2,0.6301315789473684,0.6215596330275229,0.9806,0.6816,5.507509132586368e-11,70.46345999953807,7.910109043121338,8.502869268258413
P1b_l2_seed3,0.6210526315789474,0.6502293577981652,0.981,0.6912,1.1619624979503403e-08,71.9374329473713,7.92572546005249,8.480867556730907
P1b_l2_seed4,0.6239473684210526,0.6307339449541285,0.9808,0.6858,3.90700553553515e-08,69.53842529805654,7.910116672515869,8.475300498803456
P1b_l2_seed5,0.6263157894736842,0.6353211009174312,0.9838,0.6908,2.2180103844056834e-09,70.76156690120017,7.91778039932251,8.42523233493169
P1b_l2_seed6,0.6339473684210526,0.6055045871559633,0.9808,0.6886,8.377469594309436e-09,72.17050830070599,7.976973533630371,8.485183616479238
P1b_l2_seed7,0.6178947368421053,0.6353211009174312,0.9806,0.697,1.0872293559146986e-08,71.47348508548602,7.935530185699463,8.416028714179992
P1b_l2_seed8,0.6327631578947368,0.6089449541284404,0.9766,0.6868,2.458723072840117e-09,73.74761364985837,7.942751407623291,8.432782789071402
P1b_l2_seed9,0.6478947368421053,0.6089449541284404,0.9786,0.6868,1.3411615967575217e-09,70.74172847422089,7.926140785217285,8.424481586615245
P3_B_sgd_wd0.04,0.6077631578947369,0.6032110091743119,0.9946,0.6954,9.099633973698985e-11,49.52483575534102,7.5789475440979,8.256745370229085
P3_B_sgd_wd0.2,0.6180263157894736,0.6123853211009175,0.9924,0.6962,6.888880191369255e-12,52.05141414444714,6.106459140777588,8.31092573404312
P4_Bmlm_seed0,0.5938157894736842,0.5974770642201835,0.9838,0.694,5.081114526951407e-10,7.781050107015772,7.8480224609375,9.581339144706726
P4_Bmlm_seed1,0.5972368421052632,0.6353211009174312,0.9852,0.6904,1.7592424206951162e-11,9.191228926695636,7.778235912322998,9.588458756605784
P4_Bmlm_seed10,0.6001315789473685,0.606651376146789,0.9852,0.682,1.8993130649020048e-09,9.774387688293658,7.788118839263916,9.544106034437815
P4_Bmlm_seed11,0.6332894736842105,0.6089449541284404,0.9882,0.687,1.9803443844280224e-10,9.684920740633624,7.811487674713135,9.536887141068776
P4_Bmlm_seed12,0.6407894736842106,0.6490825688073395,0.9878,0.6856,9.654481881875805e-10,11.39770956503402,7.826614856719971,9.536591426531475
P4_Bmlm_seed13,0.6031578947368421,0.6353211009174312,0.9844,0.6956,7.441640557701732e-11,8.067589002632584,7.805645942687988,9.550087666511535
P4_Bmlm_seed14,0.6167105263157895,0.6238532110091743,0.9876,0.6804,2.1110061948189206e-10,8.161615131101437,7.802539348602295,9.54694704612096
P4_Bmlm_seed2,0.6336842105263157,0.6192660550458715,0.985,0.681,2.3340504242682607e-11,8.60767811464547,7.826369762420654,9.577143172423044
P4_Bmlm_seed3,0.5869736842105263,0.6135321100917431,0.9908,0.689,1.282444392865616e-09,8.564084935131797,7.813493251800537,9.588021715482077
P4_Bmlm_seed4,0.621578947368421,0.6227064220183486,0.9826,0.692,2.0721985508452234e-09,7.429259367331829,7.795980930328369,9.582918894290923
P4_Bmlm_seed5,0.5975,0.6181192660550459,0.9884,0.689,3.392592971862023e-11,9.443257622199253,7.827974796295166,9.559519930680592
P4_Bmlm_seed6,0.6164473684210526,0.6032110091743119,0.9848,0.6858,8.158488907375519e-10,9.307617983992131,7.859494209289551,9.533963517347972
P4_Bmlm_seed7,0.603421052631579,0.6204128440366973,0.986,0.6912,1.5126276373486144e-09,7.3431432077140455,7.848719596862793,9.549650597572327
P4_Bmlm_seed8,0.6009210526315789,0.6169724770642202,0.9686,0.6854,9.533059390442356e-11,9.677542378469289,7.819798946380615,9.548341806729635
P4_Bmlm_seed9,0.6213157894736843,0.5871559633027523,0.9778,0.69,3.5526203884728393e-09,8.794219997252485,7.827833652496338,9.54021202325821
R2_Bmlmonly_seed0,0.6172368421052632,0.6077981651376146,0.9698,0.6954,1.790028233848194e-14,8.906856950358465,7.999496936798096,9.35071447690328
R2_Bmlmonly_seed1,0.6176315789473684,0.5905963302752294,0.9732,0.6872,1.6633032838514143e-14,8.051566331020618,7.973335266113281,9.387388940652212
R2_Bmlmonly_seed10,0.6232894736842105,0.6215596330275229,0.9664,0.6806,1.8323965894801388e-14,9.100586178572849,7.990947246551514,9.365003256003062
R2_Bmlmonly_seed11,0.6155263157894737,0.6353211009174312,0.968,0.6916,1.6668876472903136e-14,9.233927945557866,8.03451156616211,9.386278629302979
R2_Bmlmonly_seed12,0.6065789473684211,0.6444954128440367,0.9662,0.691,1.6279897330727736e-14,7.132055515010444,8.020111083984375,9.364881805578868
R2_Bmlmonly_seed13,0.6010526315789474,0.6399082568807339,0.969,0.689,1.8060160475265604e-14,8.67467269881168,7.973933219909668,9.370725210507711
R2_Bmlmonly_seed14,0.609078947368421,0.6353211009174312,0.972,0.6878,1.8181100258799277e-14,8.15601297989622,7.984308242797852,9.381890579064686
R2_Bmlmonly_seed2,0.6048684210526316,0.6169724770642202,0.9754,0.6822,1.5897718479538508e-14,8.983741495150122,7.99425745010376,9.419713350137075
R2_Bmlmonly_seed3,0.605,0.6307339449541285,0.9808,0.686,1.7558209365093132e-14,6.621295896465684,7.99222993850708,9.450307110945383
R2_Bmlmonly_seed4,0.6132894736842105,0.6272935779816514,0.9718,0.6878,1.7240352549133173e-14,7.209652099408186,7.976565361022949,9.419583741823832
R2_Bmlmonly_seed5,0.6219736842105263,0.6077981651376146,0.9722,0.6888,2.1095381607718784e-14,8.431184190785082,7.992075443267822,9.411014580726624
R2_Bmlmonly_seed6,0.6296052631578948,0.5986238532110092,0.975,0.6828,1.8675796820527472e-14,10.381059890199323,8.025156021118164,9.394360498587291
R2_Bmlmonly_seed7,0.6152631578947368,0.6135321100917431,0.9762,0.6988,1.9675331352060527e-14,9.707246293341742,8.00273609161377,9.441940999031067
R2_Bmlmonly_seed8,0.6039473684210527,0.5871559633027523,0.9866,0.6916,1.606341586127516e-14,5.485730794740996,8.007506370544434,9.438151423136393
R2_Bmlmonly_seed9,0.6364473684210527,0.6112385321100917,0.976,0.6958,1.8487060234780418e-14,7.647370169350284,8.001688003540039,9.386665495236715
S6_Bldb_seed0,0.5980263157894737,0.5848623853211009,0.9956,0.6812,0.45163068012635627,180.86297891188843,20.175758361816406,8.521658301353455
S6_Bldb_seed1,0.5669736842105263,0.6169724770642202,0.9912,0.6796,0.3289270551403549,180.08229825913338,20.10125160217285,8.473781573772431
S6_Bldb_seed2,0.5925,0.6192660550458715,0.9914,0.6744,0.5471238840993252,182.5964179561253,19.616165161132812,8.487530223528545
S6_Bldb_seed3,0.5811842105263157,0.6227064220183486,0.9902,0.678,0.33361128389415806,180.60123622856145,19.844701766967773,8.665257942676543
S6_Bldb_seed4,0.5903947368421053,0.6272935779816514,0.9908,0.6866,0.4072584513676226,180.86148866875723,19.960254669189453,8.580028812090555
S6_Bldb_seed5,0.5869736842105263,0.6032110091743119,0.9934,0.682,0.47699141652020177,182.03460259731222,20.16796112060547,8.554892186323801
S6_Bldb_seed6,0.595,0.5974770642201835,0.9918,0.681,0.5097450268327667,181.3172044289128,20.341388702392578,8.587408451239268
S6_Bldb_seed7,0.5839473684210527,0.6123853211009175,0.988,0.6856,0.3359200689171181,182.99473001391542,19.990568161010742,8.58202633857727
S6_Bldb_seed8,0.5981578947368421,0.5928899082568807,0.996,0.675,0.4723891177763273,180.8477807193058,19.920799255371094,8.548447473843892
S6_Bvicreg_seed0,0.5911842105263158,0.6123853211009175,0.9934,0.6812,5.730706513786112e-12,138.21481071467213,14.109877586364746,8.433628181616465
S6_Bvicreg_seed1,0.5786842105263158,0.6192660550458715,0.9918,0.6876,8.62247053352108e-09,134.71832777439582,14.000185012817383,8.344550597667695
S6_Bvicreg_seed2,0.5892105263157895,0.6169724770642202,0.99,0.673,6.452404297050925e-10,133.432053711966,13.818880081176758,8.34248796304067
S6_Bvicreg_seed3,0.583421052631579,0.6341743119266054,0.9912,0.6754,5.083762077120254e-07,139.3329877680804,14.196523666381836,8.444755105177562
S6_Bvicreg_seed4,0.5953947368421053,0.6169724770642202,0.9878,0.6814,9.785269983081579e-08,140.48903095971454,14.348787307739258,8.469082637627919
S6_Bvicreg_seed5,0.595657894736842,0.6146788990825688,0.9908,0.6804,1.4004357782916922e-07,138.61221122113542,14.22188663482666,8.439832146962484
S6_Bvicreg_seed6,0.595,0.6043577981651376,0.9906,0.6774,9.661389907308458e-08,139.53188416516716,14.29639720916748,8.416206276416778
S6_Bvicreg_seed7,0.5948684210526316,0.6387614678899083,0.9906,0.6922,2.865965612462468e-07,136.38909754739456,14.052350997924805,8.433361426989238
S6_Bvicreg_seed8,0.5964473684210526,0.5894495412844036,0.989,0.6788,3.1809919657922663e-09,135.23151242787011,14.059165000915527,8.433636311690012
